"课程","单元","章节","标题","pro字数","kid字数","节数(pro/kid)","题数","简单","中等","困难","题型数","演示","SVG","状态"
"面向对象编程","单元一 从世界到代码","oop-01","第1讲 什么是面向对象","1846","1045","5/5","10","4","4","2","4","—","有","OK"
"面向对象编程","单元一 从世界到代码","oop-02","第2讲 类与对象","2112","1207","5/5","10","4","4","2","6","oop-model","有","OK"
"面向对象编程","单元一 从世界到代码","oop-03","第3讲 封装：把细节藏起来","2503","1128","5/5","10","4","4","2","6","—","有","OK"
"面向对象编程","单元二 复用与多态","oop-04","第4讲 继承：站在巨人的肩膀上","2894","1117","5/5","10","4","4","2","6","—","有","OK"
"面向对象编程","单元二 复用与多态","oop-05","第5讲 多态：一个命令，多种作答","2450","1005","5/5","10","4","4","2","5","oop-model","有","OK"
"面向对象编程","单元二 复用与多态","oop-06","第6讲 抽象类与接口","2481","909","5/5","10","4","4","2","5","—","有","OK"
"面向对象编程","单元三 设计思维","oop-07","第7讲 SOLID 五大设计原则","5816","1420","6/6","10","4","4","2","5","—","有","OK"
"面向对象编程","单元三 设计思维","oop-08","第8讲 常用设计模式","5111","1327","6/6","10","4","4","2","5","—","有","OK"
"面向对象编程","单元四 工程实践","oop-09","第9讲 用 UML 给世界建模","3755","1602","5/5","10","4","4","2","5","oop-model","有","OK"
"面向对象编程","单元四 工程实践","oop-10","第10讲 综合实战：从设计到代码","4191","1462","5/5","10","4","4","2","5","—","有","OK"
"数据结构与算法","单元一 入门：算法的思维方式","alg-01","第1讲 算法的思维方式","1665","1224","5/5","10","4","4","2","6","bigo","有","OK"
"数据结构与算法","单元一 入门：算法的思维方式","alg-02","第2讲 数组与链表","1525","1050","5/5","10","4","4","2","6","—","有","OK"
"数据结构与算法","单元二 栈、队列与树","alg-03","第3讲 栈与队列","1671","1109","5/5","10","4","4","2","6","—","有","OK"
"数据结构与算法","单元二 栈、队列与树","alg-04","第4讲 二叉树与遍历","1724","1163","5/5","10","4","4","2","6","—","有","OK"
"数据结构与算法","单元二 栈、队列与树","alg-05","第5讲 二叉搜索树与平衡","1780","1066","5/5","10","4","4","2","6","searching","有","OK"
"数据结构与算法","单元三 堆与哈希","alg-06","第6讲 堆与优先队列","1733","1063","5/5","10","4","4","2","6","sorting","有","OK"
"数据结构与算法","单元三 堆与哈希","alg-07","第7讲 哈希表","2194","1264","5/5","10","4","4","2","5","searching","有","OK"
"数据结构与算法","单元四 排序与查找","alg-08","第8讲 基础排序三兄弟","1969","1288","5/5","10","4","4","2","5","sorting","有","OK"
"数据结构与算法","单元四 排序与查找","alg-09","第9讲 高效排序双雄","2304","1381","5/5","10","4","4","2","5","sorting","有","OK"
"数据结构与算法","单元四 排序与查找","alg-10","第10讲 查找的艺术","2064","1290","5/5","10","4","4","2","5","searching","有","OK"
"数据结构与算法","单元五 图","alg-11","第11讲 图与图的遍历","2863","1340","5/5","10","4","4","2","5","graphtravel","有","OK"
"数据结构与算法","单元五 图","alg-12","第12讲 最短路径与最小生成树","3370","1381","5/5","10","4","4","2","5","graphtravel","有","OK"
"数据结构与算法","单元六 算法设计","alg-13","第13讲 分治、贪心与动态规划","1787","1035","5/5","10","4","4","2","6","—","有","OK"
"数据结构与算法","单元六 算法设计","alg-14","第14讲 复杂度进阶：难解问题","2316","1559","5/5","10","4","4","2","5","—","有","OK"
"计算机组成原理","单元一 数字基石：信息在机器里长什么样","coa-01","第1讲 从 0 和 1 说起","1774","1178","5/5","10","4","4","2","5","—","有","OK"
"计算机组成原理","单元一 数字基石：信息在机器里长什么样","coa-02","第2讲 数字的机器表达","2109","1548","6/6","10","4","4","2","5","float","有","OK"
"计算机组成原理","单元一 数字基石：信息在机器里长什么样","coa-03","第3讲 从晶体管到逻辑门","1900","1116","5/5","10","4","4","2","5","—","有","OK"
"计算机组成原理","单元二 一颗 CPU 的诞生","coa-04","第4讲 指令系统：计算机的菜谱","2098","1356","6/6","10","4","4","2","6","—","有","OK"
"计算机组成原理","单元二 一颗 CPU 的诞生","coa-05","第5讲 运算器与数据通路","1856","1055","5/5","10","4","4","2","5","—","有","OK"
"计算机组成原理","单元二 一颗 CPU 的诞生","coa-06","第6讲 指令流水线","2096","1249","6/6","10","4","4","2","5","pipeline","有","OK"
"计算机组成原理","单元三 存储的阶梯","coa-07","第7讲 存储层次与局部性","2170","1243","5/5","10","4","4","2","6","cache","有","OK"
"计算机组成原理","单元三 存储的阶梯","coa-08","第8讲 高速缓存 Cache 深入","2719","1463","5/5","10","4","4","2","5","cache","有","OK"
"计算机组成原理","单元三 存储的阶梯","coa-09","第9讲 虚拟内存与地址翻译","2873","1409","5/5","10","4","4","2","5","paging","有","OK"
"计算机组成原理","单元四 与世界的接口","coa-10","第10讲 总线与 IO 接口","2848","1594","6/6","10","4","4","2","5","—","有","OK"
"计算机组成原理","单元四 与世界的接口","coa-11","第11讲 存储设备与 DMA","2662","1427","5/5","10","4","4","2","5","—","有","OK"
"计算机组成原理","单元五 研究生进阶导读","coa-12","第12讲 现代处理器面面观","3377","1579","5/5","10","4","4","2","5","—","有","OK"
"操作系统","单元一 操作系统是什么","os-01","第1讲 操作系统的角色","1568","1168","5/5","10","4","4","2","5","—","有","OK"
"操作系统","单元一 操作系统是什么","os-02","第2讲 内核与系统调用","1741","1042","5/5","10","4","4","2","5","—","有","OK"
"操作系统","单元二 进程与并发","os-03","第3讲 进程与线程","3022","1499","5/5","10","4","4","2","5","—","有","OK"
"操作系统","单元二 进程与并发","os-04","第4讲 进程调度","2781","1466","5/5","10","4","4","2","5","scheduling","有","OK"
"操作系统","单元二 进程与并发","os-05","第5讲 同步与互斥","3000","1295","5/5","10","4","4","2","5","—","有","OK"
"操作系统","单元二 进程与并发","os-06","第6讲 死锁","3440","1300","5/5","10","4","4","2","5","deadlock","有","OK"
"操作系统","单元三 内存管理","os-07","第7讲 从物理到虚拟：地址空间与分页","2709","1519","5/5","10","4","4","2","5","paging","有","OK"
"操作系统","单元三 内存管理","os-08","第8讲 虚拟内存与页面置换","3676","1660","5/5","10","4","4","2","5","paging","有","OK"
"操作系统","单元三 内存管理","os-09","第9讲 程序在内存里如何安家","2250","1102","5/5","10","4","4","2","5","memptr","有","OK"
"操作系统","单元四 文件与 IO","os-10","第10讲 文件系统","1727","1224","5/5","10","4","4","2","5","—","有","OK"
"操作系统","单元四 文件与 IO","os-11","第11讲 IO 与设备管理","1896","1141","5/5","10","4","4","2","5","—","有","OK"
"操作系统","单元五 进阶导读","os-12","第12讲 虚拟化与容器","2045","1214","5/5","10","4","4","2","5","—","有","OK"
"计算机网络","单元一 网络世界的地图","net-01","第1讲 分层与协议","2121","1303","5/5","10","4","4","2","5","—","有","OK"
"计算机网络","单元一 网络世界的地图","net-02","第2讲 数据链路层：局域网里的快递","2230","1220","5/5","10","4","4","2","5","—","有","OK"
"计算机网络","单元二 网络层：让数据认路","net-03","第3讲 IP 地址与子网划分","2577","1274","5/5","10","4","4","2","5","—","有","OK"
"计算机网络","单元二 网络层：让数据认路","net-04","第4讲 路由的艺术","2496","1240","5/5","10","4","4","2","5","—","有","OK"
"计算机网络","单元二 网络层：让数据认路","net-05","第5讲 IP 进阶：分片、NAT 与 IPv6","2762","1326","5/5","10","4","4","2","5","—","有","OK"
"计算机网络","单元三 传输层：可靠与效率的平衡","net-06","第6讲 UDP：简单直接","2253","1381","5/5","10","4","4","2","6","—","有","OK"
"计算机网络","单元三 传输层：可靠与效率的平衡","net-07","第7讲 TCP 三次握手与四次挥手","1767","1279","5/5","10","4","4","2","5","tcp","有","OK"
"计算机网络","单元三 传输层：可靠与效率的平衡","net-08","第8讲 TCP 的可靠传输","2343","1185","6/6","10","4","4","2","5","tcp","有","OK"
"计算机网络","单元三 传输层：可靠与效率的平衡","net-09","第9讲 TCP 拥塞控制","2137","1190","6/6","10","4","4","2","5","tcp","有","OK"
"计算机网络","单元四 应用层：你每天在用的一切","net-10","第10讲 DNS 与 HTTP","2293","1389","6/6","10","4","4","2","5","—","有","OK"
"计算机网络","单元四 应用层：你每天在用的一切","net-11","第11讲 一次访问的旅程","2261","1370","6/6","10","4","4","2","5","—","有","OK"
"计算机网络","单元五 安全与进阶","net-12","第12讲 网络安全基础","2541","1418","6/6","10","4","4","2","5","—","有","OK"
"数据库系统","单元一 关系世界","db-01","第1讲 数据库是什么","2080","1037","5/5","10","4","4","2","5","—","有","OK"
"数据库系统","单元一 关系世界","db-02","第2讲 SQL 基础查询","1948","1067","5/5","10","4","4","2","4","—","有","OK"
"数据库系统","单元一 关系世界","db-03","第3讲 SQL 进阶","2198","1060","5/5","10","4","4","2","4","—","有","OK"
"数据库系统","单元二 性能的秘密","db-04","第4讲 索引与 B+ 树","1929","991","5/5","10","4","4","2","5","—","有","OK"
"数据库系统","单元二 性能的秘密","db-05","第5讲 查询优化器","1857","1040","5/5","10","4","4","2","5","—","有","OK"
"数据库系统","单元二 性能的秘密","db-06","第6讲 存储引擎与日志","1932","1037","5/5","10","4","4","2","5","—","有","OK"
"数据库系统","单元三 事务与并发","db-07","第7讲 事务与 ACID","2055","1067","5/5","10","4","4","2","5","—","有","OK"
"数据库系统","单元三 事务与并发","db-08","第8讲 并发控制","2002","1050","5/5","10","4","4","2","5","—","有","OK"
"数据库系统","单元四 设计与进阶","db-09","第9讲 数据库设计","1985","1198","5/5","10","4","4","2","5","—","有","OK"
"数据库系统","单元四 设计与进阶","db-10","第10讲 分布式与 NoSQL 导读","2186","1051","5/5","10","4","4","2","5","—","有","OK"
"编译原理","单元一 总览与词法","cmp-01","第1讲 编译器是什么","1818","1073","5/5","10","4","4","2","5","compile-flow","有","OK"
"编译原理","单元一 总览与词法","cmp-02","第2讲 词法分析","2186","1029","5/5","10","4","4","2","5","compile-flow","有","OK"
"编译原理","单元二 语法分析","cmp-03","第3讲 语法分析（上）：文法与推导","1794","1144","5/5","10","4","4","2","5","—","有","OK"
"编译原理","单元二 语法分析","cmp-04","第4讲 语法分析（下）：LL 与 LR","2815","1308","5/5","10","4","4","2","5","—","有","OK"
"编译原理","单元三 语义与中间表示","cmp-05","第5讲 语义分析与符号表","2138","1077","5/5","10","4","4","2","5","—","有","OK"
"编译原理","单元三 语义与中间表示","cmp-06","第6讲 中间代码","2329","1032","5/5","10","4","4","2","5","—","有","OK"
"编译原理","单元三 语义与中间表示","cmp-07","第7讲 运行时与栈帧","2514","1114","5/5","10","4","4","2","5","—","有","OK"
"编译原理","单元四 优化与代码生成","cmp-08","第8讲 代码优化入门","3205","1622","5/5","10","4","4","2","5","—","有","OK"
"编译原理","单元四 优化与代码生成","cmp-09","第9讲 代码生成与寄存器分配","2902","1361","5/5","10","4","4","2","5","—","有","OK"
"编译原理","单元四 优化与代码生成","cmp-10","第10讲 现代编译器生态","3116","1645","5/5","10","4","4","2","6","—","有","OK"
"离散数学与计算理论","单元一 逻辑与集合","dm-01","第1讲 命题逻辑","1569","994","5/5","10","4","4","2","5","—","有","OK"
"离散数学与计算理论","单元一 逻辑与集合","dm-02","第2讲 谓词逻辑与证明","1889","1182","6/6","10","4","4","2","5","—","有","OK"
"离散数学与计算理论","单元一 逻辑与集合","dm-03","第3讲 集合、关系与函数","1771","1063","5/5","10","4","4","2","5","—","有","OK"
"离散数学与计算理论","单元二 组合、图与树","dm-04","第4讲 计数与组合","1726","1038","5/5","10","4","4","2","5","—","有","OK"
"离散数学与计算理论","单元二 组合、图与树","dm-05","第5讲 图论基础","2076","1101","5/5","10","4","4","2","5","graphtravel","有","OK"
"离散数学与计算理论","单元二 组合、图与树","dm-06","第6讲 树与递归结构","2018","904","5/5","10","4","4","2","5","—","有","OK"
"离散数学与计算理论","单元三 自动机与形式语言","dm-07","第7讲 有限自动机与正则语言","2048","992","5/5","10","4","4","2","5","fsm","有","OK"
"离散数学与计算理论","单元三 自动机与形式语言","dm-08","第8讲 下推自动机与上下文无关文法","2015","1025","5/5","10","4","4","2","5","—","有","OK"
"离散数学与计算理论","单元四 可计算性与复杂性","dm-09","第9讲 图灵机与可计算性","2428","1356","5/5","10","4","4","2","6","—","有","OK"
"离散数学与计算理论","单元四 可计算性与复杂性","dm-10","第10讲 计算复杂性","2593","1260","5/5","10","4","4","2","5","—","有","OK"
"人工智能与机器学习入门","单元一 智能的起点","ai-01","第1讲 AI 是什么：历史与地图","1926","1138","5/5","10","4","4","2","5","—","有","OK"
"人工智能与机器学习入门","单元一 智能的起点","ai-02","第2讲 搜索：让计算机想办法","1636","961","5/5","10","4","4","2","6","graphtravel","有","OK"
"人工智能与机器学习入门","单元二 机器学习","ai-03","第3讲 机器学习基础","1813","922","5/5","10","4","4","2","6","—","有","OK"
"人工智能与机器学习入门","单元二 机器学习","ai-04","第4讲 线性回归与梯度下降","1799","1052","5/5","10","4","4","2","5","—","有","OK"
"人工智能与机器学习入门","单元二 机器学习","ai-05","第5讲 分类与评估","1884","1129","5/5","10","4","4","2","5","—","有","OK"
"人工智能与机器学习入门","单元三 神经网络","ai-06","第6讲 从感知机到神经网络","2024","1158","5/5","10","4","4","2","5","neural-net","有","OK"
"人工智能与机器学习入门","单元三 神经网络","ai-07","第7讲 反向传播","1829","1022","5/5","10","4","4","2","6","neural-net","有","OK"
"人工智能与机器学习入门","单元三 神经网络","ai-08","第8讲 深度学习与现代应用","2437","1333","6/6","10","4","4","2","6","—","有","OK"
"人工智能与机器学习入门","单元四 用好 AI","ai-09","第9讲 过拟合与调参","2599","1210","5/5","10","4","4","2","5","—","有","OK"
"人工智能与机器学习入门","单元四 用好 AI","ai-10","第10讲 AI 伦理与安全","2554","1290","5/5","10","4","4","2","5","—","有","OK"